Stock,Name,total_return_pct,total_return_inr,bh_return,outperformance,total_trades,winning_trades,losing_trades,win_rate,max_drawdown,sharpe_ratio,final_value
TATASTEEL.NS,Tata Steel (Original),15.03387367248535,15033.873672485352,-9.735358418231074,24.769232090716425,3,3,0,100.0,1.8688183135986327,5.382906246058532,115033.87367248535
JSWSTEEL.NS,JSW Steel,-0.8571917724609375,-857.1917724609375,-2.611643968672281,1.7544521962113435,3,2,1,66.66666666666666,14.280259293749618,-0.07770631749741322,99142.80822753906
HINDALCO.NS,Hindalco,-9.919752807617188,-9919.752807617188,-8.928174645626083,-0.9915781619911055,2,0,2,0.0,21.213336023508518,-1.3240537987511818,90080.24719238281
SAIL.NS,SAIL,2.183269775390625,2183.269775390625,-1.4442064774407442,3.6274762528313693,1,1,0,100.0,0.17674361057829638,2.83883521518968,102183.26977539062
JINDALSTEL.NS,Jindal Steel,3.573555419921875,3573.555419921875,3.8651927494636205,-0.2916373295417456,1,1,0,100.0,2.1833752557176473,1.7952710842416413,103573.55541992188
COALINDIA.NS,Coal India,-7.8128607482910155,-7812.860748291016,-12.96722921439841,5.154368466107394,2,0,2,0.0,13.173730085058608,-2.0130386252587087,92187.13925170898
